assets/audio/dice-roll.mp3	15840	a0874599e7b53b2043bed860f048d0bb2e407630beee8b4e0d5ab8ce956512c1
assets/audio/ferret.mp3	367220	dc6fc7139dc15c5da5381e71dbd40b578f279caab50e2911c93672b0183ec60d
assets/audio/ferret_dancing.mp3	385079	e381fa05f95617240cf8f0bc216f1824a527269b87f19b4ded9ae44a4f559524
assets/audio/ferret_sound.mp3	401405	863a7bfdc5ae56f28733527172c0bfc7bc786dc0e04224d1f119b2f692818745
assets/code/frenzy.html	31117	5bdd3a79f0c209ad859f548a6248b6e417ad46de4586d70f3f31b109869867ce
assets/images/01_Bandit_Sable_Black_Sable_01.jpg	560727	0bba01ff940d72a298fa327d0d4568444b103bc747e31942bfeab27d047fc0fd
assets/images/02_Bandit_Sable_Black_Sable_02.jpg	560727	0bba01ff940d72a298fa327d0d4568444b103bc747e31942bfeab27d047fc0fd
assets/images/03_Bandit_Sable_Black_Sable_03.jpg	560727	0bba01ff940d72a298fa327d0d4568444b103bc747e31942bfeab27d047fc0fd
assets/images/04_Bandit_Sable_Black_Sable_04.jpg	560727	0bba01ff940d72a298fa327d0d4568444b103bc747e31942bfeab27d047fc0fd
assets/images/05_Dooker_Silver_Mitt_01.jpg	568925	06de0de05fc57112feb9cc9ca5196b846a58b6bea997f8188244dba92896ed78
assets/images/06_Itchy_Cinnamon_01.jpg	585536	43327e17f1cbe9017ea638e88ace928ef5a380ea37a315ff7f42e617164f7399
assets/images/07_Trouble_Champagne_01.jpg	590488	28d2ee1bc005be2fa9baec815235ad32a01947d7c5d76d8bf4a5a6a3f75da65b
assets/images/08_Business_Roan_01.jpg	614536	1a158c86f6b714e67ae4c5fa3605c286835870393bbc8befeadb7b31ff98c343
assets/images/09_Business_Roan_02.jpg	614536	1a158c86f6b714e67ae4c5fa3605c286835870393bbc8befeadb7b31ff98c343
assets/images/10_Business_Roan_03.jpg	614536	1a158c86f6b714e67ae4c5fa3605c286835870393bbc8befeadb7b31ff98c343
assets/images/11_Business_Roan_04.jpg	614536	1a158c86f6b714e67ae4c5fa3605c286835870393bbc8befeadb7b31ff98c343
assets/images/12_Business_Roan_05.jpg	614536	1a158c86f6b714e67ae4c5fa3605c286835870393bbc8befeadb7b31ff98c343
assets/images/13_Business_Roan_06.jpg	614536	1a158c86f6b714e67ae4c5fa3605c286835870393bbc8befeadb7b31ff98c343
assets/images/14_Business_Roan_07.jpg	614536	1a158c86f6b714e67ae4c5fa3605c286835870393bbc8befeadb7b31ff98c343
assets/images/15_Business_Roan_08.jpg	614536	1a158c86f6b714e67ae4c5fa3605c286835870393bbc8befeadb7b31ff98c343
assets/images/16_Business_Roan_09.jpg	614536	1a158c86f6b714e67ae4c5fa3605c286835870393bbc8befeadb7b31ff98c343
assets/images/17_Business_Roan_10.jpg	614536	1a158c86f6b714e67ae4c5fa3605c286835870393bbc8befeadb7b31ff98c343
assets/images/18_Business_Roan_11.jpg	614536	1a158c86f6b714e67ae4c5fa3605c286835870393bbc8befeadb7b31ff98c343
assets/images/19_Business_Roan_12.jpg	614536	1a158c86f6b714e67ae4c5fa3605c286835870393bbc8befeadb7b31ff98c343
assets/images/20_Business_Roan_13.jpg	614536	1a158c86f6b714e67ae4c5fa3605c286835870393bbc8befeadb7b31ff98c343
assets/images/21_Business_Roan_14.jpg	614536	1a158c86f6b714e67ae4c5fa3605c286835870393bbc8befeadb7b31ff98c343
assets/images/22_Snuggler_Chocolate_01.jpg	551599	bb552bfaf423dcedd5f8945522b601485571f20faefa31c5fabe11fc1e6ea6c6
assets/images/23_Hunter_Blaze_01.jpg	575641	cf00feaa5ae1877bb79f75c3b18a184f951d093f216b2eeeb5644845f9e297b4
assets/images/24_Guardian_Dark-Eyed_White_01.jpg	536417	8d1120fbe38d8d2b6a962f139be268e7b43c7d2a4d3889cc47a0a1b4ec32d6a3
assets/images/Aurora-lit ferret treats bookshelf-1.png	2271788	a37780ea215a5bc196e619b91074f17d7d3a769b3e4c8e5c61d047cfd93ca226
assets/images/Minnow Treats crime scene-2.png	2022687	dec2566f57a0e32b8369cfdb49c049dbbada5ce101f184dfa55946360e25c1b6
assets/images/apple-touch-icon.png	80933	1ceedafe69df9e2c55a14777cea7102a49cd604453215e766d49e87398be77e5
assets/images/frenzy_logo.png	2851048	7cfbe258bfa1069b705665fffbf4c695d0ad53513bfc1253270661309128c527
assets/images/icon-192.png	91015	289c8d29fe84f6a40acea3f3cbb505ce1e404f158a95ec93ced2ca10f3be96af
assets/images/icon-512.png	533684	c94ecbb46b9dc2dec9e299483780ff8e251bd7381982c0776fc4c819034aac20
assets/images/minnow treats.png	1922481	8b74d8a60eb738acc7bac39e51c343832b49cc1f136b78d6035e592f82e49bb9
css/chat-channels.css	5625	45a4757b79b978bd87264197d1a239c1196857708a7041ef9ba171a0be7d263c
css/components.css	236	06d5a5b1c96b9a82b83eead2eab56af5645762dd1bf046c8c39590969fdcba10
css/dice.css	852	cd625f7b5f817472a807adc624802427c3e24aa5b953ff91532eefcf981b1a91
css/frenzy-game.css	25051	b097f52970e18e454dbd05b320b2a96a2e9c88af164473cf76071428daee0eb5
css/frenzy-shell.css	13286	3a734d7c020f75178d013e20f32f1724127792603f1c93043eaeda3ff25e69ef
css/lobby.css	22903	04b2913b9383dbb18eeaa4feb4a76bdd1a9efb28f5289cc1cc41f260a62e5049
css/menu-resize-accessibility.css	14486	a8079c4d65a4a89ac031c54679decf712f6c771103283673f6c8601a20bb3fc3
css/narrator.css	4117	852a41343b08892682c0c86cdcdf84ede48e96b6415c214fb340d102ca7c363a
docs/CHAT_CHANNELS_AND_TURN_FLOOR_PASS.md	1914	1509be07fd52758ebad0438a9764294da16a689187ee7facae2a456f5251ae2b
docs/Ferret_Frenzy_8_Role_Gameplay_Solidification_Dossier_v3.txt	646858	5365425bd7e8c64bc87886b22f0450e54e41c00f10057fa236e228cefaa6be0a
docs/Ferret_Frenzy_8_Role_Gameplay_Solidification_Dossier_v3_1_Pass3.txt	691003	07dc49767bd977977a8ed2a61d4a09445e22dbe43b177bee61af41e445e028d6
docs/Ferret_Frenzy_8_Role_Gameplay_Solidification_Dossier_v3_2_Pass4.txt	712436	c4a28ba8da5e671d805be00a4db89db60c522d183f0e7aae7fe5ca48313e547f
docs/Ferret_Frenzy_8_Role_Gameplay_Solidification_Dossier_v3_3_Pass5.txt	734600	b44da154e358d3c20624b84df158306c5e41911f837630f1906399d5f3a3196a
docs/INTEGRATION_AUDIT_2026-10-03.md	2631	f3fa475a2a80db86cf04b69ef2483221c99b8b690c5683558566d1c8df3a8dbd
docs/MENU_RESIZE_ACCESSIBILITY_PASS_2026-10-03.md	1415	a442add315ce0c5396552d79cb56ba1081bff592085d412006af92784abf32ab
docs/NARRATOR_SOUND_AND_CHAT_PASS.md	962	5f5136a2262e084413fbaf58abf2edf2a337984678e79a1bad35becc73c57bcf
docs/PACKAGE_STRUCTURE_PASS.md	626	d6c86c4501da66709da70f3acb205511a35ed11000da216ee8af3283c89b8ec5
docs/PASS10_HOW_TO_PLAY_MENU_UPDATE_2026-10-03.md	1116	254836282bd0df9698ce465f97103aad65804797f24a1ae0d5ac8216515a20a3
docs/PASS10_PRESERVATION_MANIFEST.tsv	35473	6000116123e6cae50adf3514bf65de512a8ebe7faf56f148252484a49bd541a6
docs/PASS8_CORRECTIONS_AUDIT_2026-10-03.md	2870	d708a8f436520d627a44115133e6c43b8f4dbfe0ff8dc91a91336f6dab7881f0
docs/PASS8_PRESERVATION_MANIFEST.tsv	34254	b5992acada66820eb3ae64ed346e329638fcdbe86babbe0fe0455328ca151b7c
docs/PASS9_CORRECTIONS_AUDIT_2026-10-03.md	2074	2ac1a7339cb05b6aa568f0881fa0bc501e27914190f52c1db807564df7730a19
docs/PASS9_PRESERVATION_MANIFEST.tsv	35049	187cfa331023f29110a92cf609edb00ab5faf72a090100aefdc0b9ec49d3d0a7
docs/README.md	14642	34a99c9acd9560015db3d35382db3316f6e317a603799aa35545d5138c715262
docs/REPO_REFERENCE_NOTES_PASS.md	1337	286eaa27468316100f5e383d13f0bfc97add46763d42aea67b0cfba28c9cf30c
docs/asset__audio__README.txt	404	ef27602a2e32dfe0655fca5dc94e7ab39a6a9e5c35ba7c6e47cd688dd9b07280
docs/asset__code__BOT_INTEGRATION.txt	1207	6904434a44fa4b1c0f7a1dd46831934b0a99a638461be4d71eef05528d4e67a7
docs/asset__code__README.txt	5189	5b94ec1caaac1452709a2d39788f9eb50c10aba4dde1f053bd7e4a245ab4a263
docs/asset__images__README.txt	367	fdbd3481c8bb4925a7d9cfcf47010488786eecd1b289a9b2a3a1f8452821a476
docs/bot-integration-v3-2026-10-02.md	3016	12b9280126a098e8f4dd1eaa3b465d1655a9da5d36f5efac352dcc9a0e68562c
docs/bots-v3__BACKEND_V2_CONTRACT.md	1329	163285de98258b49a5c504a6810751c43ffe47fa223ec41150af0da1038482eb
docs/bots-v3__BEHAVIOR_MODEL.md	2975	affcd54160f75002bfbe6fdf5a2546c5b91129326062e5da1614e4f6e769cf7b
docs/bots-v3__INTEGRATION.md	1689	77a8adc859158302289cf7e2862b4f94ec6c7442281d6758d53e9dd86ace37e1
docs/bots-v3__README.md	3962	e553b958ebe937cd701dc92941bb7eb814a9f15a0218e07dbeb25289a829e7ea
docs/bots-v3__REPO_INFO.md	3221	0260712e64125a038a2b358516983408a434f93dae3f425587680e5347c3ab1d
docs/bots-v3__ROLE_PLAYBOOK.md	1446	4600ee2f30c1c7b2b289e71ab49d8cee7c7bca1b7570c2eb705a03419db27b91
docs/bots-v3__TEST_REPORT.md	1754	3bc6d6106c0238f339f7af387fc568e6aa49c030bf09e73e01e9dc523c2016e1
docs/bots-v3__THIRD_PARTY_NOTICES.md	611	cd322fb977a27c17b2480df5969e502a81754d655b7f51254e28a88ace0e5062
docs/bots-v3__licenses__AMONG_US_PYTHON_CLONE_UNLICENSE.txt	1211	6b0382b16279f26ff69014300541967a356a666eb0b91b422f6862f6b7dad17e
docs/bots-v3__licenses__DICE_MAIDEN_APACHE-2.0.txt	11341	cc8e7c2d340dd5bf6a741da6f4cf5c1b3edd6221fa46bcbb23dc1990a25aad2d
docs/bots-v3__licenses__DICE_WITCH_MIT.txt	1080	3a50f148257c2e444833aba08ccc17bcd47eb2b72bd7a7e77b233edd6aa62268
docs/bots-v3__repos__AMONG_US_PYTHON_CLONE.md	340	c31556bf74479f3bbc01b581356a470abc0dd558e644681734b02bc2839f57fb
docs/bots-v3__repos__AMONG_US_SCALABLE_CLONE.md	378	c5d44492cd81629947ccd73b7122a18ca37273e2ba27964dfd097547a95c4f02
docs/bots-v3__repos__DICE_MAIDEN.md	403	790438d1a6eb1a8c37474f3020b63cfc50d51e5f65f05db41115a8da108a2467
docs/bots-v3__repos__DICE_WITCH.md	368	422cc581bfbcbcce43ab163d2cd16b433caba89dc9876c6e92f6d3679cabd35e
docs/bots-v3__repos__GAMEBOTS.md	385	6ffe63ea5059d93d00e4e672fbdd1b1cb627789a32a1b15517ce398876a99d2d
docs/chat-vote-claim-pass-2026-10-02.md	856	0d6892fcbbf7fb99540dc21b8943419ffb3fb56eb1c50e64c63e2e994dace2f5
docs/discord__diaslilian__README.md	1025	26b105eeb6e351544c902991ac148aa0638fa51a7484f11729ccde2c209377ee
docs/frontend-pass-2026-10-02-solo-prep.md	1996	74ecc6c20dba35365885f71c31cd77626584a7cd9ac4828326052b6ebdfb6d06
docs/frontend-pass-2026-10-02.md	3615	8dcd0f97cedeb867836b5a3b2bda472fe8c192f4bb19d28d8ee904fee03a54cf
docs/full-dossier-pass-2026-10-02.md	2342	4c6f9eb63952f23a5f2ce1ebbc91f194a77c1da8939a873c97fa45199ef4ad31
docs/narrator__NARRATION_DESIGN_AND_RESEARCH.md	5775	2ccf1d232e63c9760e661269f562c94cc95c6fcf6b980e51d952160491671e13
docs/narrator__NARRATOR_INTEGRATION_2026-10-03.md	2570	026baf58f9c429545fa85ad335eb442b52f4695b8e963f248123828b0c94683d
docs/narrator__ORIGINAL_NARRATOR_README.md	1946	bfbcc0f3744469e7a3693da0ca901d04cb6d10dc94c6da9665b379ccb2ed11f4
docs/narrator__pass5-to-narrator-preservation-manifest.tsv	30505	ba2af44c50d0a5239097d2cb29fdb101b00050afff57c806167494d1907ea2cf
docs/repo-info.md	7594	ce0ef254f85c704f91fd21257d1e40799f3864b501635c8aac4490f15ff5af79
docs/revision3-fifth-dossier-pass-2026-10-03.md	3404	5246bdf619cef774e58e86c20f9e1b7d01b15a587a1afa29036285609e5381e4
docs/revision3-fourth-dossier-pass-2026-10-03.md	4457	15f741bdc9864558f25cc89e24a1a275bd588376b524a6df65676c8b85cedd6b
docs/revision3-gameplay-pass-2026-10-03.md	902	128b55cacd352cdc576db5cd13d070a0af40f6d7f2ac6c8a1222d759020f0049
docs/revision3-pass3-audit-2026-10-03.md	4759	ea0a4880256d0f37a5649c1ebf52ea9864b3dc4081a4c6e343e0c4e98ee52c5f
docs/revision3-pass4-preservation-manifest.tsv	27651	ec9b665eb1f21fea35e58712479a8978decfb51d022d6c4c0e383901fb21490d
docs/revision3-pass5-preservation-manifest.tsv	29176	a786e21e2590bb6b6516c81bf23465494f6d23c4dda8e7892fea22fedb2f8cc2
docs/revision3-second-dossier-pass-2026-10-03.md	2031	a54510244da71bf3b297ae549ee1293a7865b6d3e51c714e42c9e87721174de2
docs/solo-bots-live-fix-2026-10-02.md	1439	1c889f1670e32a5d1179f63075de2e896ac881c942937e655ddef481c6d2388d
docs/test__bot-self-test.mjs	6000	479d2a02b6f02f752859cf22a92e80c2141f470eea647c26ca1bf88e1e00638f
docs/test__channels-turn-narrator-pass-test.mjs	2454	6077cf032426b38df2996ac67da6efa6ab316d08dffaebf34f5061a1a25ac117
docs/test__chat-turn-rules.mjs	3987	d27d2f8f37c48d4bed3181a94a7e1167afcba89574f158c66ee31ae27c3b8a4e
docs/test__chat-vote-claim-privacy-test.mjs	3350	d1fb4d33cd4e04e1c03c5714d3be2c79e7baa769f9caab7ae2fe135d984df1fa
docs/test__frontend-dossier-test.mjs	3761	30ffa4da17581f70d2aa7df7e4d9c3f5aa1b18828a33c4a221d5a6944d571615
docs/test__menu-resize-accessibility-test.mjs	1344	e622abd24de4c1137abde73348596248e55f8b50f8a317b6ea11a87b3c0db9b3
docs/test__narrator-integration-test.mjs	2403	204d2e3fc4a02656baf7c186d291f01817ad913ba162a1111a125b5239da831e
docs/test__pass4-package-integrity-test.mjs	1609	22246f6b1d1f5b41f0510abd7f7cb946e99eb8696e580bb456101e7f6b5b5472
docs/test__pass5-dossier-consistency-test.mjs	4106	a56cafe4df117dbe489a4229120305dc39bda928d8999ee6b5c94ac0592aa824
docs/test__revision3-gameplay-test.mjs	2818	9a424d7cf7f156d5c47ff6e1c63c1a5c9f2d1a5e48901285b4107c5f2bcd9fe1
docs/test__revision3-social-deduction-test.mjs	7203	20ec257a1ee173c7c3c6c79c8d7aea6ed95b39a541875b58458b5d8df2905fc0
docs/test__simulation-test.mjs	2723	5aa00bdd2fb3357e4ee65379e9e1bae394796dd57d79b11cb1de49e5b267265f
docs/test__solo-bots-browser-fetch-test.mjs	1107	07ac25e61fc3d816312509537b782a6e925be5d1d50522cc7cc71d41eb1d6709
docs/test__solo-bots-manager-flow-test.mjs	3127	1f5655fb62e9c5c2c720c184a246242e7d7fc967fa505efd9e33012bc3572d27
docs/uploaded_narrator__NARRATION_DESIGN_AND_RESEARCH.md	5775	2ccf1d232e63c9760e661269f562c94cc95c6fcf6b980e51d952160491671e13
docs/uploaded_narrator__README.md	1946	bfbcc0f3744469e7a3693da0ca901d04cb6d10dc94c6da9665b379ccb2ed11f4
docs/zoom__zeus__README.md	426	9e54cbc08768042e369796c6a53de6f6206b6b4d95169030591cb1d962f319f7
docs/zoom__zoom-clone__LICENSE.txt	1069	a38827403edd4095ec6c32ae1ff3d58994c83bf34be63ddfbc39831e74052be8
docs/zoom__zoom-clone__README.md	38	a924b26de0416d196cf044683f432f1b0e699d42aef78a833eb4ec84d4ee44dc
js/action-queue.js	559	7befe083b9626f107510b7ba59dafe8c644544682417f5ca3153f8c20d3af55c
js/app.js	9433	54290faf989a54b2d430a5ce57cef7e99a2c1829d9292898cc32253e127b2ce5
js/assign-role.js	2880	59a27871256182adbde2cfa851003b26afccfddc213a30203cc6e0ae6aa20ae5
js/audio-manager.js	3101	025d9056deb090429366690530c8464275a642ec1b8f428da8d54cf804268639
js/backend-config.js	230	6bfed14b8e6b733f0c35aca828f4dcafdd5a619374de4512c9f07c64e9c198be
js/backend-transport.js	6820	b6073704a30a0fa6076dbcf225fec971311dd94c934ac3d8bf0f9d94abc992fc
js/bandit-bot.js	302	fa192cce0ab7d2a19b7746add8acc330c3e73c0446f660d276f25c62cf9bd29e
js/bot-game-bootstrap.js	378	0639cc80b24dfb7688ed75df2cb00d47e711cc4519353f691862589d2478f75b
js/bot-manager.js	6905	1b7d402b635111ed47aeb6b9c98b41fedc8e3359a33d732d5d3d5119d8c4e45b
js/business-bot.js	308	a8ca800c580105db869b0dcb8dbb7d01c0737198ea35ba9004dde4b64efc8d16
js/cards.js	13335	2c83d6a7f5d1dd8c5e90d0a6f38e02baa9c4a4265bebf44fbd0870f25fb74b46
js/chat-turn-rules.js	3204	3064790198156964d0b8506d73dd13f3663d8ed3dddcdd75936fe415825c6adf
js/device-store.js	557	6058b85acce0f9d0be0ff90ac63aebe071a1354777ff13559a0453cb7d686d92
js/dice.js	556532	7e787bebf6245edc78642bee1cda6b4891250711e9af8aa7003e896e6115ee2c
js/dooker-bot.js	294	f6cf50a3fe8e9f4d9cbadac4587dd6b7181fcd507c9fe23273a7a0f5e1879bc8
js/dossier-pass.js	9352	50e9959b745bc9f418ca4516c7fb3279033b1231e2e3d354012fc92178dc0602
js/ferret-frenzy-api.js	3882	beceb13e466a3bf3ec1b2a1feb6cffc62b0726c0b4f58771b11515f5caacf1cd
js/ferret-frenzy-bot-core.js	8539	ed13fd604f089430fec1abee965ae28867ef0fc9a60236c9ec8fee5985223760
js/ferret-frenzy-bot-manager.js	2677	8057b2194ad0e5c992aba49a59cf015c1d268f45a4e70a5f8133c15b20c8ca45
js/ferret-frenzy-bot-roster.js	785	625ccffa764caef51d59112f8f4048ec4b4c888108e3fd46849acb0d88b74527
js/ferret-frenzy-claim-parser.js	7542	745ef372439f9457c3f29effe97afb7e5635058b3051d590b2fc29d98a441c3d
js/ferret-frenzy-constants.js	1845	f78ad135337066a8430064894438668fab6609109a6203d5f8e038bc1cfc8216
js/ferret-frenzy-conversation-engine.js	9690	170375703942418468baef017a36380a5fd971f9e712f1c4453f6454852d772b
js/ferret-frenzy-deduction-engine.js	12563	7feccad109b59f7d505c0402e33d5118024c96fb25b6626ca68d2059309cd544
js/ferret-frenzy-dice-brain.js	1819	c5478872e22dfc0edfc7498485073fb1096883c0c071eca8caaf85239122469e
js/ferret-frenzy-memory.js	2204	a2d978420326a905063a01aaa1e35e780782ca53929e15296b632133f38e1b65
js/ferret-frenzy-role-brain.js	833	fb8ee79e135303e7dfc07e17c7edf3a723e3c946fbf9190805466a57ff6b5b33
js/frenzy-game.js	6417	b906bc781e130c864220f0373d794a422a442c9e3d518fbbd10f7e6b17f13955
js/frenzy-network.js	50389	4d40fd4129f1ae6c9732e7fc143ae083bdc166ef23e8815448adc878daf19b5b
js/frenzy-shell.js	15600	d2bc51f815cf2240b1192be12e56c867f9f445bd0a3421b115ad99e89731cfda
js/game-state.js	1381	1f01331e18790eed75c7e61c15a79e05430539c3b9b6d311a3abd5fcdca5354f
js/guardian-bot.js	308	0ba34785299732e8ec8ca3670771abe76b29e5d0765aeda825a764b5ae528e7c
js/hunter-bot.js	288	f8df5eb1c705f41e2b3a8464d4ced0716cdfbc32859cbf24db7b04942928d486
js/itchy-bot.js	286	de7df40d61b0527b0c3f09c2a756d300760d28c1610018533207dda3cc1c2b38
js/lobby.js	17844	21ce5baf70d6a6ef3247fac2859ea978cba672c1013ee6bac000f872c1941e07
js/local-transport.js	5891	c8f8fb13aff98ac3b4426e41099b3f1160aebfab632ff6004e05a20124ab8ccb
js/mechanics-engine.js	3363	e34da79cfdcd6adfe35124c74f958dbe7b9ce42f3c233bc04cba025c455edcc1
js/menu-resize-accessibility.js	8442	2ed441052a534eb2a22e47afc76fe767a7269b0d99e1c8e3b3e486f11ef97b2f
js/minnow-hitbox.js	8079	163167460981f2f8eb879ad9e28ac4452cf5f1f48f83854313dd40536aabab9b
js/narrator.js	17197	d16b3d8c6d97c495428f23749b7cfb57e6ee3339bab781320c622e5dc693e876
js/protocol.js	830	43200dcc623d0a147ec5e8f1c0f8399a9061d69ff2ea19baafbf25d9126075b0
js/pwa-register.js	348	ce0abb6d350508e1dca3f0bc713a40b320a75703444f61a85426d3424a36c72a
js/reconnect.js	298	87cf33ae4bf0b9b93a54723d56a7ef4645d279b99f58c746fb13d842a9ea6a8b
js/revision3-normalizer.js	2301	1c9703174ee79368f97b3279d73d19103dd25aad2aa4ff84fa719d7a7234d267
js/roles.js	812	be2c11134ef915f10f0d21c1123d08871d9f3c9b7afc5c04d7d7e25cf8538d82
js/snuggler-bot.js	302	5ba0d6658b519e4f872fd364006595fb779f48c5ce19ec434d9b6be81e144add
js/timers.js	449	3b629b6889803dbe10b3cd41cf04f19ba5a9407b968ebcf0bfc40997a84e437c
js/transport.js	281	244bdda54b9ec66ae86761150f529c89954ae20a4abe74ba49b87ae254a5d59d
js/trouble-bot.js	297	9551559f4590b3c44c7a29ddda095d9792195d248f2429ee88ea26b7d8e110f1
js/utils.js	1082	d7becaaff01f8f62feb7ec8b3bca8f780f964dbb3d4f1a62deb188da75cd62ac
js/voting.js	1798	4cdc1654788e25c1d76e25824b405fab149a61c58336d63c7297bfca7ccc9887
json/asset-map.json	3365	ec9e01b30ca81c976a0210b95fd10647b70fdf015af0f1fbe1ccdd2bfb3ecfc9
json/backend-config.json	363	cd35fac4aae64574697f8c386287581c433241cb5b08dbdd7ece8f79ca56a303
json/backend-contract.json	1466	a7e19b85bc11c85fea5d54c6a2af15a4cba1c0d50abc840120e1937d36abe8bc
json/bandit-bot.json	91855	d3478445cd4cf523b1e12fc9fa3584118444404217637c75936d22a3ccae7095
json/bot-manifest.json	1848	e98ceeb6aedd083e91417e92b8b4c1b2bc40e998e0b2de962e6ac62feb065435
json/business-bot.json	95001	93a9731d47990466a18c8f92d62f863a9dcee8c899f7edd59817007564aeeb7b
json/chat-channels.json	2023	8edbc999e2fe646d167608d43cc22c443899d89d64ad286fd15466c61be81896
json/dooker-bot.json	93465	d2941288dbdc8a609f4238c6ee8f20540f71531c99fe22e969c4996ac367616b
json/ferret-frenzy-base-game.json	5818	55ccc9a8b74e5160235aabf5f14993f8a8d8c867b2c8a6709105ccc704bf63f9
json/frenzy-controls.json	834	1a4db77848bb34128a50ed9b8645e8f1f399b53d2e679d0141685a359d6b0e97
json/guardian-bot.json	94085	79b0f4156ce77edbb489513bd4d283090a211f812c68d69d23838ab1641039b5
json/hunter-bot.json	93590	fd77f0b56d885455230d70e192990a953472504b2ead358ab9d2de875c30211c
json/itchy-bot.json	92968	ff163a6a1bd108302dd30862dd82add431d1ef2e00226d9cf7e0b1e656a8473a
json/lobby-config.json	1375	b5db9e1d7c538d752dc99b6cb6fba864acf5ad10373d21cb7695c0c2840dcc64
json/mechanics-catalog.json	2693	3aa74ae91b7e0b4038c85ad31312ac90768a9da4d2f192d4b02ff9bc86f93d0e
json/minnow-hitbox.geojson	1176	5d6a9a90d4d6e58fd273385da5249833839269c6d161688342996702dc1dc6f3
json/narrator-config.json	1544	d7e1a08b455d301873ee81985438cf812d664ae17e6205f75ae42597da7583dc
json/package-manifest.json	14902	7b953cb17228919c80a01fca94c729dfd00d2ec385f0fcb1a371f978af3c0b81
json/package.json	940	15b91cc9f7e2487c110e923bdcb9a36b054f4487bc64df1d1e3f2f59c4acf599
json/protocol-events.json	2306	690777b7188ea71e925f9fe0f5ccf1b15359816ae729b2728705d2c3c1c8032c
json/role-assignment.json	2178	ebfb9ee326e5dc51d5250190b11b119dab8c664b1a401e69da9fce2dd6c398fd
json/snuggler-bot.json	94105	86f1332d399e045597bba9f220ba94030b76dc0c95524b0bf3590f37c242c19a
json/trouble-bot.json	93040	0e5362594367bd16cc1ea16774a67ac92064c85adc8a6a677c297eb54386d883
lobby.html	21718	220728ae2170a50be4a68c15d628f16182b74230ee734fb9c1a23c999cef8189
manifest.webmanifest	1015	ae56e3ce6a4e413ab7d2526c0524adcbe9f9b946cdf6f94a99a3f20ff08b232d
package.json	868	f8b0b73ae0f779a33e192c8ecb08bcacbdbf3ce71cb66e41fa918095de18993a
service-worker.js	5910	4b196da58eeba6c6d335f8286b27060fa490a0d247456673e17e94f2280efadb
