path	baseline_bytes	pass4_bytes	status	baseline_sha256	pass4_sha256
README.md	7341	8734	MODIFIED	dd769d1c4488c22545fe21180c95009c17e26c9524192c7c03e9e9e2d1a7a5d0	61cfb6b4ae08bb60e5413fd9d80f30272c4b4efbbacfb1e1229bc428419951cd
assets/audio/README.txt	404	404	UNCHANGED	ef27602a2e32dfe0655fca5dc94e7ab39a6a9e5c35ba7c6e47cd688dd9b07280	ef27602a2e32dfe0655fca5dc94e7ab39a6a9e5c35ba7c6e47cd688dd9b07280
assets/audio/dice-roll.mp3	15840	15840	UNCHANGED	a0874599e7b53b2043bed860f048d0bb2e407630beee8b4e0d5ab8ce956512c1	a0874599e7b53b2043bed860f048d0bb2e407630beee8b4e0d5ab8ce956512c1
assets/audio/ferret.mp3	367220	367220	UNCHANGED	dc6fc7139dc15c5da5381e71dbd40b578f279caab50e2911c93672b0183ec60d	dc6fc7139dc15c5da5381e71dbd40b578f279caab50e2911c93672b0183ec60d
assets/audio/ferret_dancing.mp3	385079	385079	UNCHANGED	e381fa05f95617240cf8f0bc216f1824a527269b87f19b4ded9ae44a4f559524	e381fa05f95617240cf8f0bc216f1824a527269b87f19b4ded9ae44a4f559524
assets/audio/ferret_sound.mp3	401405	401405	UNCHANGED	863a7bfdc5ae56f28733527172c0bfc7bc786dc0e04224d1f119b2f692818745	863a7bfdc5ae56f28733527172c0bfc7bc786dc0e04224d1f119b2f692818745
assets/code/BACKEND_CONTRACT.json	1262	1262	UNCHANGED	5967f90ddfa588b0aa078130dc3d482471dc7b99d76327ede58f52c95d806c03	5967f90ddfa588b0aa078130dc3d482471dc7b99d76327ede58f52c95d806c03
assets/code/BOT_INTEGRATION.txt	1207	1207	UNCHANGED	6904434a44fa4b1c0f7a1dd46831934b0a99a638461be4d71eef05528d4e67a7	6904434a44fa4b1c0f7a1dd46831934b0a99a638461be4d71eef05528d4e67a7
assets/code/README.txt	5144	5144	UNCHANGED	f83d0c7fe6fae332baa5b95ea631d5b2aa944f7cb107e657f86f1599468fd2e4	f83d0c7fe6fae332baa5b95ea631d5b2aa944f7cb107e657f86f1599468fd2e4
assets/code/frenzy.html	22663	22663	UNCHANGED	285c7228b712d39b8f66b9a05209ff1e9f2c7f19e9258cc26d3637e6963a9e12	285c7228b712d39b8f66b9a05209ff1e9f2c7f19e9258cc26d3637e6963a9e12
assets/images/Aurora-lit ferret treats bookshelf-1.png	2271788	2271788	UNCHANGED	a37780ea215a5bc196e619b91074f17d7d3a769b3e4c8e5c61d047cfd93ca226	a37780ea215a5bc196e619b91074f17d7d3a769b3e4c8e5c61d047cfd93ca226
assets/images/Minnow Treats crime scene-2.png	2022687	2022687	UNCHANGED	dec2566f57a0e32b8369cfdb49c049dbbada5ce101f184dfa55946360e25c1b6	dec2566f57a0e32b8369cfdb49c049dbbada5ce101f184dfa55946360e25c1b6
assets/images/README.txt	367	367	UNCHANGED	fdbd3481c8bb4925a7d9cfcf47010488786eecd1b289a9b2a3a1f8452821a476	fdbd3481c8bb4925a7d9cfcf47010488786eecd1b289a9b2a3a1f8452821a476
assets/images/apple-touch-icon.png	80933	80933	UNCHANGED	1ceedafe69df9e2c55a14777cea7102a49cd604453215e766d49e87398be77e5	1ceedafe69df9e2c55a14777cea7102a49cd604453215e766d49e87398be77e5
assets/images/cards/01_Bandit_Sable_Black_Sable_01.jpg	560727	560727	UNCHANGED	0bba01ff940d72a298fa327d0d4568444b103bc747e31942bfeab27d047fc0fd	0bba01ff940d72a298fa327d0d4568444b103bc747e31942bfeab27d047fc0fd
assets/images/cards/02_Bandit_Sable_Black_Sable_02.jpg	560727	560727	UNCHANGED	0bba01ff940d72a298fa327d0d4568444b103bc747e31942bfeab27d047fc0fd	0bba01ff940d72a298fa327d0d4568444b103bc747e31942bfeab27d047fc0fd
assets/images/cards/03_Bandit_Sable_Black_Sable_03.jpg	560727	560727	UNCHANGED	0bba01ff940d72a298fa327d0d4568444b103bc747e31942bfeab27d047fc0fd	0bba01ff940d72a298fa327d0d4568444b103bc747e31942bfeab27d047fc0fd
assets/images/cards/04_Bandit_Sable_Black_Sable_04.jpg	560727	560727	UNCHANGED	0bba01ff940d72a298fa327d0d4568444b103bc747e31942bfeab27d047fc0fd	0bba01ff940d72a298fa327d0d4568444b103bc747e31942bfeab27d047fc0fd
assets/images/cards/05_Dooker_Silver_Mitt_01.jpg	568925	568925	UNCHANGED	06de0de05fc57112feb9cc9ca5196b846a58b6bea997f8188244dba92896ed78	06de0de05fc57112feb9cc9ca5196b846a58b6bea997f8188244dba92896ed78
assets/images/cards/06_Itchy_Cinnamon_01.jpg	585536	585536	UNCHANGED	43327e17f1cbe9017ea638e88ace928ef5a380ea37a315ff7f42e617164f7399	43327e17f1cbe9017ea638e88ace928ef5a380ea37a315ff7f42e617164f7399
assets/images/cards/07_Trouble_Champagne_01.jpg	590488	590488	UNCHANGED	28d2ee1bc005be2fa9baec815235ad32a01947d7c5d76d8bf4a5a6a3f75da65b	28d2ee1bc005be2fa9baec815235ad32a01947d7c5d76d8bf4a5a6a3f75da65b
assets/images/cards/08_Business_Roan_01.jpg	614536	614536	UNCHANGED	1a158c86f6b714e67ae4c5fa3605c286835870393bbc8befeadb7b31ff98c343	1a158c86f6b714e67ae4c5fa3605c286835870393bbc8befeadb7b31ff98c343
assets/images/cards/09_Business_Roan_02.jpg	614536	614536	UNCHANGED	1a158c86f6b714e67ae4c5fa3605c286835870393bbc8befeadb7b31ff98c343	1a158c86f6b714e67ae4c5fa3605c286835870393bbc8befeadb7b31ff98c343
assets/images/cards/10_Business_Roan_03.jpg	614536	614536	UNCHANGED	1a158c86f6b714e67ae4c5fa3605c286835870393bbc8befeadb7b31ff98c343	1a158c86f6b714e67ae4c5fa3605c286835870393bbc8befeadb7b31ff98c343
assets/images/cards/11_Business_Roan_04.jpg	614536	614536	UNCHANGED	1a158c86f6b714e67ae4c5fa3605c286835870393bbc8befeadb7b31ff98c343	1a158c86f6b714e67ae4c5fa3605c286835870393bbc8befeadb7b31ff98c343
assets/images/cards/12_Business_Roan_05.jpg	614536	614536	UNCHANGED	1a158c86f6b714e67ae4c5fa3605c286835870393bbc8befeadb7b31ff98c343	1a158c86f6b714e67ae4c5fa3605c286835870393bbc8befeadb7b31ff98c343
assets/images/cards/13_Business_Roan_06.jpg	614536	614536	UNCHANGED	1a158c86f6b714e67ae4c5fa3605c286835870393bbc8befeadb7b31ff98c343	1a158c86f6b714e67ae4c5fa3605c286835870393bbc8befeadb7b31ff98c343
assets/images/cards/14_Business_Roan_07.jpg	614536	614536	UNCHANGED	1a158c86f6b714e67ae4c5fa3605c286835870393bbc8befeadb7b31ff98c343	1a158c86f6b714e67ae4c5fa3605c286835870393bbc8befeadb7b31ff98c343
assets/images/cards/15_Business_Roan_08.jpg	614536	614536	UNCHANGED	1a158c86f6b714e67ae4c5fa3605c286835870393bbc8befeadb7b31ff98c343	1a158c86f6b714e67ae4c5fa3605c286835870393bbc8befeadb7b31ff98c343
assets/images/cards/16_Business_Roan_09.jpg	614536	614536	UNCHANGED	1a158c86f6b714e67ae4c5fa3605c286835870393bbc8befeadb7b31ff98c343	1a158c86f6b714e67ae4c5fa3605c286835870393bbc8befeadb7b31ff98c343
assets/images/cards/17_Business_Roan_10.jpg	614536	614536	UNCHANGED	1a158c86f6b714e67ae4c5fa3605c286835870393bbc8befeadb7b31ff98c343	1a158c86f6b714e67ae4c5fa3605c286835870393bbc8befeadb7b31ff98c343
assets/images/cards/18_Business_Roan_11.jpg	614536	614536	UNCHANGED	1a158c86f6b714e67ae4c5fa3605c286835870393bbc8befeadb7b31ff98c343	1a158c86f6b714e67ae4c5fa3605c286835870393bbc8befeadb7b31ff98c343
assets/images/cards/19_Business_Roan_12.jpg	614536	614536	UNCHANGED	1a158c86f6b714e67ae4c5fa3605c286835870393bbc8befeadb7b31ff98c343	1a158c86f6b714e67ae4c5fa3605c286835870393bbc8befeadb7b31ff98c343
assets/images/cards/20_Business_Roan_13.jpg	614536	614536	UNCHANGED	1a158c86f6b714e67ae4c5fa3605c286835870393bbc8befeadb7b31ff98c343	1a158c86f6b714e67ae4c5fa3605c286835870393bbc8befeadb7b31ff98c343
assets/images/cards/21_Business_Roan_14.jpg	614536	614536	UNCHANGED	1a158c86f6b714e67ae4c5fa3605c286835870393bbc8befeadb7b31ff98c343	1a158c86f6b714e67ae4c5fa3605c286835870393bbc8befeadb7b31ff98c343
assets/images/cards/22_Snuggler_Chocolate_01.jpg	551599	551599	UNCHANGED	bb552bfaf423dcedd5f8945522b601485571f20faefa31c5fabe11fc1e6ea6c6	bb552bfaf423dcedd5f8945522b601485571f20faefa31c5fabe11fc1e6ea6c6
assets/images/cards/23_Hunter_Blaze_01.jpg	575641	575641	UNCHANGED	cf00feaa5ae1877bb79f75c3b18a184f951d093f216b2eeeb5644845f9e297b4	cf00feaa5ae1877bb79f75c3b18a184f951d093f216b2eeeb5644845f9e297b4
assets/images/cards/24_Guardian_Dark-Eyed_White_01.jpg	536417	536417	UNCHANGED	8d1120fbe38d8d2b6a962f139be268e7b43c7d2a4d3889cc47a0a1b4ec32d6a3	8d1120fbe38d8d2b6a962f139be268e7b43c7d2a4d3889cc47a0a1b4ec32d6a3
assets/images/frenzy_logo.png	2851048	2851048	UNCHANGED	7cfbe258bfa1069b705665fffbf4c695d0ad53513bfc1253270661309128c527	7cfbe258bfa1069b705665fffbf4c695d0ad53513bfc1253270661309128c527
assets/images/icon-192.png	91015	91015	UNCHANGED	289c8d29fe84f6a40acea3f3cbb505ce1e404f158a95ec93ced2ca10f3be96af	289c8d29fe84f6a40acea3f3cbb505ce1e404f158a95ec93ced2ca10f3be96af
assets/images/icon-512.png	533684	533684	UNCHANGED	c94ecbb46b9dc2dec9e299483780ff8e251bd7381982c0776fc4c819034aac20	c94ecbb46b9dc2dec9e299483780ff8e251bd7381982c0776fc4c819034aac20
assets/images/minnow treats.png	1922481	1922481	UNCHANGED	8b74d8a60eb738acc7bac39e51c343832b49cc1f136b78d6035e592f82e49bb9	8b74d8a60eb738acc7bac39e51c343832b49cc1f136b78d6035e592f82e49bb9
css/components.css	236	236	UNCHANGED	06d5a5b1c96b9a82b83eead2eab56af5645762dd1bf046c8c39590969fdcba10	06d5a5b1c96b9a82b83eead2eab56af5645762dd1bf046c8c39590969fdcba10
css/dice.css	852	852	UNCHANGED	cd625f7b5f817472a807adc624802427c3e24aa5b953ff91532eefcf981b1a91	cd625f7b5f817472a807adc624802427c3e24aa5b953ff91532eefcf981b1a91
css/frenzy-game.css	24639	24639	UNCHANGED	8da16fbb617589a3b43dd4bb11d5a1dd4d67b67261927fcabd5410a9029fceb2	8da16fbb617589a3b43dd4bb11d5a1dd4d67b67261927fcabd5410a9029fceb2
css/frenzy-shell.css	13286	13286	UNCHANGED	3a734d7c020f75178d013e20f32f1724127792603f1c93043eaeda3ff25e69ef	3a734d7c020f75178d013e20f32f1724127792603f1c93043eaeda3ff25e69ef
css/lobby.css	21253	21253	UNCHANGED	6fa32580f13d295659d0dfdfd3857b945f8e236211c551e1221b8a36d287aeca	6fa32580f13d295659d0dfdfd3857b945f8e236211c551e1221b8a36d287aeca
docs/Ferret_Frenzy_8_Role_Gameplay_Solidification_Dossier_v3.txt	646858	646858	UNCHANGED	5365425bd7e8c64bc87886b22f0450e54e41c00f10057fa236e228cefaa6be0a	5365425bd7e8c64bc87886b22f0450e54e41c00f10057fa236e228cefaa6be0a
docs/bot-integration-v3-2026-10-02.md	3016	3016	UNCHANGED	12b9280126a098e8f4dd1eaa3b465d1655a9da5d36f5efac352dcc9a0e68562c	12b9280126a098e8f4dd1eaa3b465d1655a9da5d36f5efac352dcc9a0e68562c
docs/bots-v3/BACKEND_V2_CONTRACT.md	1329	1329	UNCHANGED	163285de98258b49a5c504a6810751c43ffe47fa223ec41150af0da1038482eb	163285de98258b49a5c504a6810751c43ffe47fa223ec41150af0da1038482eb
docs/bots-v3/BEHAVIOR_MODEL.md	2975	2975	UNCHANGED	affcd54160f75002bfbe6fdf5a2546c5b91129326062e5da1614e4f6e769cf7b	affcd54160f75002bfbe6fdf5a2546c5b91129326062e5da1614e4f6e769cf7b
docs/bots-v3/INTEGRATION.md	1689	1689	UNCHANGED	77a8adc859158302289cf7e2862b4f94ec6c7442281d6758d53e9dd86ace37e1	77a8adc859158302289cf7e2862b4f94ec6c7442281d6758d53e9dd86ace37e1
docs/bots-v3/README.md	3960	3960	UNCHANGED	c362ad3754e91e6351ecc15d959ce8535bdce63a261787c45b9dc7aac618499b	c362ad3754e91e6351ecc15d959ce8535bdce63a261787c45b9dc7aac618499b
docs/bots-v3/REPO_INFO.md	3221	3221	UNCHANGED	0260712e64125a038a2b358516983408a434f93dae3f425587680e5347c3ab1d	0260712e64125a038a2b358516983408a434f93dae3f425587680e5347c3ab1d
docs/bots-v3/ROLE_PLAYBOOK.md	1446	1446	UNCHANGED	4600ee2f30c1c7b2b289e71ab49d8cee7c7bca1b7570c2eb705a03419db27b91	4600ee2f30c1c7b2b289e71ab49d8cee7c7bca1b7570c2eb705a03419db27b91
docs/bots-v3/TEST_REPORT.md	1754	1754	UNCHANGED	3bc6d6106c0238f339f7af387fc568e6aa49c030bf09e73e01e9dc523c2016e1	3bc6d6106c0238f339f7af387fc568e6aa49c030bf09e73e01e9dc523c2016e1
docs/bots-v3/THIRD_PARTY_NOTICES.md	611	611	UNCHANGED	cd322fb977a27c17b2480df5969e502a81754d655b7f51254e28a88ace0e5062	cd322fb977a27c17b2480df5969e502a81754d655b7f51254e28a88ace0e5062
docs/bots-v3/licenses/AMONG_US_PYTHON_CLONE_UNLICENSE.txt	1211	1211	UNCHANGED	6b0382b16279f26ff69014300541967a356a666eb0b91b422f6862f6b7dad17e	6b0382b16279f26ff69014300541967a356a666eb0b91b422f6862f6b7dad17e
docs/bots-v3/licenses/DICE_MAIDEN_APACHE-2.0.txt	11341	11341	UNCHANGED	cc8e7c2d340dd5bf6a741da6f4cf5c1b3edd6221fa46bcbb23dc1990a25aad2d	cc8e7c2d340dd5bf6a741da6f4cf5c1b3edd6221fa46bcbb23dc1990a25aad2d
docs/bots-v3/licenses/DICE_WITCH_MIT.txt	1080	1080	UNCHANGED	3a50f148257c2e444833aba08ccc17bcd47eb2b72bd7a7e77b233edd6aa62268	3a50f148257c2e444833aba08ccc17bcd47eb2b72bd7a7e77b233edd6aa62268
docs/bots-v3/repos/AMONG_US_PYTHON_CLONE.md	340	340	UNCHANGED	c31556bf74479f3bbc01b581356a470abc0dd558e644681734b02bc2839f57fb	c31556bf74479f3bbc01b581356a470abc0dd558e644681734b02bc2839f57fb
docs/bots-v3/repos/AMONG_US_SCALABLE_CLONE.md	378	378	UNCHANGED	c5d44492cd81629947ccd73b7122a18ca37273e2ba27964dfd097547a95c4f02	c5d44492cd81629947ccd73b7122a18ca37273e2ba27964dfd097547a95c4f02
docs/bots-v3/repos/DICE_MAIDEN.md	403	403	UNCHANGED	790438d1a6eb1a8c37474f3020b63cfc50d51e5f65f05db41115a8da108a2467	790438d1a6eb1a8c37474f3020b63cfc50d51e5f65f05db41115a8da108a2467
docs/bots-v3/repos/DICE_WITCH.md	368	368	UNCHANGED	422cc581bfbcbcce43ab163d2cd16b433caba89dc9876c6e92f6d3679cabd35e	422cc581bfbcbcce43ab163d2cd16b433caba89dc9876c6e92f6d3679cabd35e
docs/bots-v3/repos/GAMEBOTS.md	385	385	UNCHANGED	6ffe63ea5059d93d00e4e672fbdd1b1cb627789a32a1b15517ce398876a99d2d	6ffe63ea5059d93d00e4e672fbdd1b1cb627789a32a1b15517ce398876a99d2d
docs/chat-vote-claim-pass-2026-10-02.md	856	856	UNCHANGED	0d6892fcbbf7fb99540dc21b8943419ffb3fb56eb1c50e64c63e2e994dace2f5	0d6892fcbbf7fb99540dc21b8943419ffb3fb56eb1c50e64c63e2e994dace2f5
docs/frontend-pass-2026-10-02-solo-prep.md	1996	1996	UNCHANGED	74ecc6c20dba35365885f71c31cd77626584a7cd9ac4828326052b6ebdfb6d06	74ecc6c20dba35365885f71c31cd77626584a7cd9ac4828326052b6ebdfb6d06
docs/frontend-pass-2026-10-02.md	3615	3615	UNCHANGED	8dcd0f97cedeb867836b5a3b2bda472fe8c192f4bb19d28d8ee904fee03a54cf	8dcd0f97cedeb867836b5a3b2bda472fe8c192f4bb19d28d8ee904fee03a54cf
docs/full-dossier-pass-2026-10-02.md	2342	2342	UNCHANGED	4c6f9eb63952f23a5f2ce1ebbc91f194a77c1da8939a873c97fa45199ef4ad31	4c6f9eb63952f23a5f2ce1ebbc91f194a77c1da8939a873c97fa45199ef4ad31
docs/repo-info.md	7594	7594	UNCHANGED	ce0ef254f85c704f91fd21257d1e40799f3864b501635c8aac4490f15ff5af79	ce0ef254f85c704f91fd21257d1e40799f3864b501635c8aac4490f15ff5af79
docs/revision3-gameplay-pass-2026-10-03.md	902	902	UNCHANGED	128b55cacd352cdc576db5cd13d070a0af40f6d7f2ac6c8a1222d759020f0049	128b55cacd352cdc576db5cd13d070a0af40f6d7f2ac6c8a1222d759020f0049
docs/revision3-second-dossier-pass-2026-10-03.md	2031	2031	UNCHANGED	a54510244da71bf3b297ae549ee1293a7865b6d3e51c714e42c9e87721174de2	a54510244da71bf3b297ae549ee1293a7865b6d3e51c714e42c9e87721174de2
docs/solo-bots-live-fix-2026-10-02.md	1434	1434	UNCHANGED	2a0079563ab81cb85e11596fcd757d93b71bbce7e32b274a009829bd138a1369	2a0079563ab81cb85e11596fcd757d93b71bbce7e32b274a009829bd138a1369
js/action-queue.js	559	559	UNCHANGED	7befe083b9626f107510b7ba59dafe8c644544682417f5ca3153f8c20d3af55c	7befe083b9626f107510b7ba59dafe8c644544682417f5ca3153f8c20d3af55c
js/app.js	9433	9433	UNCHANGED	54290faf989a54b2d430a5ce57cef7e99a2c1829d9292898cc32253e127b2ce5	54290faf989a54b2d430a5ce57cef7e99a2c1829d9292898cc32253e127b2ce5
js/assign-role.js	2880	2880	UNCHANGED	59a27871256182adbde2cfa851003b26afccfddc213a30203cc6e0ae6aa20ae5	59a27871256182adbde2cfa851003b26afccfddc213a30203cc6e0ae6aa20ae5
js/audio-manager.js	2955	2955	UNCHANGED	fa0309db21b256f821a06b6a2fe475021a86f6ca513318d7f3e483b0bd71c4f9	fa0309db21b256f821a06b6a2fe475021a86f6ca513318d7f3e483b0bd71c4f9
js/backend-config.js	230	230	UNCHANGED	6bfed14b8e6b733f0c35aca828f4dcafdd5a619374de4512c9f07c64e9c198be	6bfed14b8e6b733f0c35aca828f4dcafdd5a619374de4512c9f07c64e9c198be
js/backend-transport.js	6820	6820	UNCHANGED	b6073704a30a0fa6076dbcf225fec971311dd94c934ac3d8bf0f9d94abc992fc	b6073704a30a0fa6076dbcf225fec971311dd94c934ac3d8bf0f9d94abc992fc
js/bandit-bot.js	302	302	UNCHANGED	fa192cce0ab7d2a19b7746add8acc330c3e73c0446f660d276f25c62cf9bd29e	fa192cce0ab7d2a19b7746add8acc330c3e73c0446f660d276f25c62cf9bd29e
js/bot-game-bootstrap.js	378	378	UNCHANGED	0639cc80b24dfb7688ed75df2cb00d47e711cc4519353f691862589d2478f75b	0639cc80b24dfb7688ed75df2cb00d47e711cc4519353f691862589d2478f75b
js/bot-manager.js	6905	6905	UNCHANGED	1b7d402b635111ed47aeb6b9c98b41fedc8e3359a33d732d5d3d5119d8c4e45b	1b7d402b635111ed47aeb6b9c98b41fedc8e3359a33d732d5d3d5119d8c4e45b
js/business-bot.js	308	308	UNCHANGED	a8ca800c580105db869b0dcb8dbb7d01c0737198ea35ba9004dde4b64efc8d16	a8ca800c580105db869b0dcb8dbb7d01c0737198ea35ba9004dde4b64efc8d16
js/cards.js	13290	13290	UNCHANGED	7b7e25d634dd63dc9072ece0ffd8a9e99b496fe5d6cf3750164d491a7cbb2eb0	7b7e25d634dd63dc9072ece0ffd8a9e99b496fe5d6cf3750164d491a7cbb2eb0
js/device-store.js	557	557	UNCHANGED	6058b85acce0f9d0be0ff90ac63aebe071a1354777ff13559a0453cb7d686d92	6058b85acce0f9d0be0ff90ac63aebe071a1354777ff13559a0453cb7d686d92
js/dice.js	556532	556532	UNCHANGED	7e787bebf6245edc78642bee1cda6b4891250711e9af8aa7003e896e6115ee2c	7e787bebf6245edc78642bee1cda6b4891250711e9af8aa7003e896e6115ee2c
js/dooker-bot.js	294	294	UNCHANGED	f6cf50a3fe8e9f4d9cbadac4587dd6b7181fcd507c9fe23273a7a0f5e1879bc8	f6cf50a3fe8e9f4d9cbadac4587dd6b7181fcd507c9fe23273a7a0f5e1879bc8
js/dossier-pass.js	9060	9060	UNCHANGED	596c1614b61ae3ed585df30a19b40e5368a45f900c3f780f137c556a98baaf3c	596c1614b61ae3ed585df30a19b40e5368a45f900c3f780f137c556a98baaf3c
js/ferret-frenzy-api.js	3882	3882	UNCHANGED	beceb13e466a3bf3ec1b2a1feb6cffc62b0726c0b4f58771b11515f5caacf1cd	beceb13e466a3bf3ec1b2a1feb6cffc62b0726c0b4f58771b11515f5caacf1cd
js/ferret-frenzy-bot-core.js	8539	8539	UNCHANGED	ed13fd604f089430fec1abee965ae28867ef0fc9a60236c9ec8fee5985223760	ed13fd604f089430fec1abee965ae28867ef0fc9a60236c9ec8fee5985223760
js/ferret-frenzy-bot-manager.js	2677	2677	UNCHANGED	8057b2194ad0e5c992aba49a59cf015c1d268f45a4e70a5f8133c15b20c8ca45	8057b2194ad0e5c992aba49a59cf015c1d268f45a4e70a5f8133c15b20c8ca45
js/ferret-frenzy-bot-roster.js	785	785	UNCHANGED	625ccffa764caef51d59112f8f4048ec4b4c888108e3fd46849acb0d88b74527	625ccffa764caef51d59112f8f4048ec4b4c888108e3fd46849acb0d88b74527
js/ferret-frenzy-claim-parser.js	7542	7542	UNCHANGED	745ef372439f9457c3f29effe97afb7e5635058b3051d590b2fc29d98a441c3d	745ef372439f9457c3f29effe97afb7e5635058b3051d590b2fc29d98a441c3d
js/ferret-frenzy-constants.js	1845	1845	UNCHANGED	f78ad135337066a8430064894438668fab6609109a6203d5f8e038bc1cfc8216	f78ad135337066a8430064894438668fab6609109a6203d5f8e038bc1cfc8216
js/ferret-frenzy-conversation-engine.js	9690	9690	UNCHANGED	170375703942418468baef017a36380a5fd971f9e712f1c4453f6454852d772b	170375703942418468baef017a36380a5fd971f9e712f1c4453f6454852d772b
js/ferret-frenzy-deduction-engine.js	12563	12563	UNCHANGED	7feccad109b59f7d505c0402e33d5118024c96fb25b6626ca68d2059309cd544	7feccad109b59f7d505c0402e33d5118024c96fb25b6626ca68d2059309cd544
js/ferret-frenzy-dice-brain.js	1819	1819	UNCHANGED	c5478872e22dfc0edfc7498485073fb1096883c0c071eca8caaf85239122469e	c5478872e22dfc0edfc7498485073fb1096883c0c071eca8caaf85239122469e
js/ferret-frenzy-memory.js	2204	2204	UNCHANGED	a2d978420326a905063a01aaa1e35e780782ca53929e15296b632133f38e1b65	a2d978420326a905063a01aaa1e35e780782ca53929e15296b632133f38e1b65
js/ferret-frenzy-role-brain.js	833	833	UNCHANGED	fb8ee79e135303e7dfc07e17c7edf3a723e3c946fbf9190805466a57ff6b5b33	fb8ee79e135303e7dfc07e17c7edf3a723e3c946fbf9190805466a57ff6b5b33
js/frenzy-game.js	6417	6417	UNCHANGED	b906bc781e130c864220f0373d794a422a442c9e3d518fbbd10f7e6b17f13955	b906bc781e130c864220f0373d794a422a442c9e3d518fbbd10f7e6b17f13955
js/frenzy-network.js	39701	40208	MODIFIED	e2de5bd2ab95f0a591f3b76884b5176a4760f55edc4b7178a44cb084d908061c	719e4063f5f6f1158a8cde92d0bf65795a776a0a29413da16f6ef444d48d393b
js/frenzy-shell.js	15307	15307	UNCHANGED	9b730aafd2890505ac2ae06e3c599cb78572dc726f9b8de78e2811f64cd7a914	9b730aafd2890505ac2ae06e3c599cb78572dc726f9b8de78e2811f64cd7a914
js/game-state.js	1381	1381	UNCHANGED	1f01331e18790eed75c7e61c15a79e05430539c3b9b6d311a3abd5fcdca5354f	1f01331e18790eed75c7e61c15a79e05430539c3b9b6d311a3abd5fcdca5354f
js/guardian-bot.js	308	308	UNCHANGED	0ba34785299732e8ec8ca3670771abe76b29e5d0765aeda825a764b5ae528e7c	0ba34785299732e8ec8ca3670771abe76b29e5d0765aeda825a764b5ae528e7c
js/hunter-bot.js	288	288	UNCHANGED	f8df5eb1c705f41e2b3a8464d4ced0716cdfbc32859cbf24db7b04942928d486	f8df5eb1c705f41e2b3a8464d4ced0716cdfbc32859cbf24db7b04942928d486
js/itchy-bot.js	286	286	UNCHANGED	de7df40d61b0527b0c3f09c2a756d300760d28c1610018533207dda3cc1c2b38	de7df40d61b0527b0c3f09c2a756d300760d28c1610018533207dda3cc1c2b38
js/lobby.js	17844	17844	UNCHANGED	21ce5baf70d6a6ef3247fac2859ea978cba672c1013ee6bac000f872c1941e07	21ce5baf70d6a6ef3247fac2859ea978cba672c1013ee6bac000f872c1941e07
js/local-transport.js	5891	5891	UNCHANGED	c8f8fb13aff98ac3b4426e41099b3f1160aebfab632ff6004e05a20124ab8ccb	c8f8fb13aff98ac3b4426e41099b3f1160aebfab632ff6004e05a20124ab8ccb
js/mechanics-engine.js	3363	3363	UNCHANGED	e34da79cfdcd6adfe35124c74f958dbe7b9ce42f3c233bc04cba025c455edcc1	e34da79cfdcd6adfe35124c74f958dbe7b9ce42f3c233bc04cba025c455edcc1
js/minnow-hitbox.js	8079	8079	UNCHANGED	163167460981f2f8eb879ad9e28ac4452cf5f1f48f83854313dd40536aabab9b	163167460981f2f8eb879ad9e28ac4452cf5f1f48f83854313dd40536aabab9b
js/protocol.js	830	830	UNCHANGED	43200dcc623d0a147ec5e8f1c0f8399a9061d69ff2ea19baafbf25d9126075b0	43200dcc623d0a147ec5e8f1c0f8399a9061d69ff2ea19baafbf25d9126075b0
js/pwa-register.js	348	348	UNCHANGED	ce0abb6d350508e1dca3f0bc713a40b320a75703444f61a85426d3424a36c72a	ce0abb6d350508e1dca3f0bc713a40b320a75703444f61a85426d3424a36c72a
js/reconnect.js	298	298	UNCHANGED	87cf33ae4bf0b9b93a54723d56a7ef4645d279b99f58c746fb13d842a9ea6a8b	87cf33ae4bf0b9b93a54723d56a7ef4645d279b99f58c746fb13d842a9ea6a8b
js/revision3-normalizer.js	2301	2301	UNCHANGED	1c9703174ee79368f97b3279d73d19103dd25aad2aa4ff84fa719d7a7234d267	1c9703174ee79368f97b3279d73d19103dd25aad2aa4ff84fa719d7a7234d267
js/roles.js	812	812	UNCHANGED	be2c11134ef915f10f0d21c1123d08871d9f3c9b7afc5c04d7d7e25cf8538d82	be2c11134ef915f10f0d21c1123d08871d9f3c9b7afc5c04d7d7e25cf8538d82
js/snuggler-bot.js	302	302	UNCHANGED	5ba0d6658b519e4f872fd364006595fb779f48c5ce19ec434d9b6be81e144add	5ba0d6658b519e4f872fd364006595fb779f48c5ce19ec434d9b6be81e144add
js/timers.js	449	449	UNCHANGED	3b629b6889803dbe10b3cd41cf04f19ba5a9407b968ebcf0bfc40997a84e437c	3b629b6889803dbe10b3cd41cf04f19ba5a9407b968ebcf0bfc40997a84e437c
js/transport.js	281	281	UNCHANGED	244bdda54b9ec66ae86761150f529c89954ae20a4abe74ba49b87ae254a5d59d	244bdda54b9ec66ae86761150f529c89954ae20a4abe74ba49b87ae254a5d59d
js/trouble-bot.js	297	297	UNCHANGED	9551559f4590b3c44c7a29ddda095d9792195d248f2429ee88ea26b7d8e110f1	9551559f4590b3c44c7a29ddda095d9792195d248f2429ee88ea26b7d8e110f1
js/utils.js	1082	1082	UNCHANGED	d7becaaff01f8f62feb7ec8b3bca8f780f964dbb3d4f1a62deb188da75cd62ac	d7becaaff01f8f62feb7ec8b3bca8f780f964dbb3d4f1a62deb188da75cd62ac
js/voting.js	695	1798	MODIFIED	8f90063bda813cf9a0fe38f82a0be1065fdee606e5a96a3715e192afde9a9f81	4cdc1654788e25c1d76e25824b405fab149a61c58336d63c7297bfca7ccc9887
json/asset-map.json	3173	3173	UNCHANGED	06fb9a313961ce34cf5842dedd466533f31e59a8137a253840a9652f7a687328	06fb9a313961ce34cf5842dedd466533f31e59a8137a253840a9652f7a687328
json/backend-config.json	363	363	UNCHANGED	cd35fac4aae64574697f8c386287581c433241cb5b08dbdd7ece8f79ca56a303	cd35fac4aae64574697f8c386287581c433241cb5b08dbdd7ece8f79ca56a303
json/bandit-bot.json	91855	91855	UNCHANGED	d3478445cd4cf523b1e12fc9fa3584118444404217637c75936d22a3ccae7095	d3478445cd4cf523b1e12fc9fa3584118444404217637c75936d22a3ccae7095
json/bot-manifest.json	1848	1848	UNCHANGED	e98ceeb6aedd083e91417e92b8b4c1b2bc40e998e0b2de962e6ac62feb065435	e98ceeb6aedd083e91417e92b8b4c1b2bc40e998e0b2de962e6ac62feb065435
json/business-bot.json	95001	95001	UNCHANGED	93a9731d47990466a18c8f92d62f863a9dcee8c899f7edd59817007564aeeb7b	93a9731d47990466a18c8f92d62f863a9dcee8c899f7edd59817007564aeeb7b
json/dooker-bot.json	93465	93465	UNCHANGED	d2941288dbdc8a609f4238c6ee8f20540f71531c99fe22e969c4996ac367616b	d2941288dbdc8a609f4238c6ee8f20540f71531c99fe22e969c4996ac367616b
json/ferret-frenzy-base-game.json	5159	5564	MODIFIED	b4dbc87d66cc1d570f66b9f8e0ee8e28569e1a1863438da6700a0b384e617a3f	fd8853ee621280348d4d5301da0ad212f05497daa072608ad127e3283780e766
json/frenzy-controls.json	834	834	UNCHANGED	1a4db77848bb34128a50ed9b8645e8f1f399b53d2e679d0141685a359d6b0e97	1a4db77848bb34128a50ed9b8645e8f1f399b53d2e679d0141685a359d6b0e97
json/guardian-bot.json	94085	94085	UNCHANGED	79b0f4156ce77edbb489513bd4d283090a211f812c68d69d23838ab1641039b5	79b0f4156ce77edbb489513bd4d283090a211f812c68d69d23838ab1641039b5
json/hunter-bot.json	93590	93590	UNCHANGED	fd77f0b56d885455230d70e192990a953472504b2ead358ab9d2de875c30211c	fd77f0b56d885455230d70e192990a953472504b2ead358ab9d2de875c30211c
json/itchy-bot.json	92968	92968	UNCHANGED	ff163a6a1bd108302dd30862dd82add431d1ef2e00226d9cf7e0b1e656a8473a	ff163a6a1bd108302dd30862dd82add431d1ef2e00226d9cf7e0b1e656a8473a
json/lobby-config.json	1330	1330	UNCHANGED	2ba7234da8424f1ee7fe8e5f8ccf56bfdfa11f6d63947f84ef2d3466dcfdcf93	2ba7234da8424f1ee7fe8e5f8ccf56bfdfa11f6d63947f84ef2d3466dcfdcf93
json/mechanics-catalog.json	1852	2262	MODIFIED	a95213e0dfbd21d5f1350042abd171f39e599cf6956ec803255e8c8b515ebe00	495af57424131cf805845c7b52601ed020a55a5efbeba38c8b2b3bc1c8d46844
json/minnow-hitbox.geojson	1176	1176	UNCHANGED	5d6a9a90d4d6e58fd273385da5249833839269c6d161688342996702dc1dc6f3	5d6a9a90d4d6e58fd273385da5249833839269c6d161688342996702dc1dc6f3
json/package-manifest.json	10326	10889	MODIFIED	02ebe4d070c14e58280ff5fd1a6d184cd2cf489cc9318300d72314372b282077	f32ff2bf004f1680277607603e53a42159ad160f0191345be287419f8bef72c1
json/protocol-events.json	1602	2001	MODIFIED	5bc7a8adeeed9aa6498db39669ddb0d52aab60acb7001e8acaadbe040d3ff74d	ba8bfcef221299ae28f4a3c5937b574bce57e86aa4bc01a510401d287a65c609
json/role-assignment.json	2178	2178	UNCHANGED	4bb0a578a3486ed745fc0630fbc42dcfe655c8c57caa4241d821705d745ad916	4bb0a578a3486ed745fc0630fbc42dcfe655c8c57caa4241d821705d745ad916
json/snuggler-bot.json	94105	94105	UNCHANGED	86f1332d399e045597bba9f220ba94030b76dc0c95524b0bf3590f37c242c19a	86f1332d399e045597bba9f220ba94030b76dc0c95524b0bf3590f37c242c19a
json/trouble-bot.json	93040	93040	UNCHANGED	0e5362594367bd16cc1ea16774a67ac92064c85adc8a6a677c297eb54386d883	0e5362594367bd16cc1ea16774a67ac92064c85adc8a6a677c297eb54386d883
lobby.html	18183	18183	UNCHANGED	d7080cc2efee1d4ba46bafc075e62e2611b6757e89240e82460373f6151ea9de	d7080cc2efee1d4ba46bafc075e62e2611b6757e89240e82460373f6151ea9de
manifest.webmanifest	1015	1015	UNCHANGED	ae56e3ce6a4e413ab7d2526c0524adcbe9f9b946cdf6f94a99a3f20ff08b232d	ae56e3ce6a4e413ab7d2526c0524adcbe9f9b946cdf6f94a99a3f20ff08b232d
package.json	691	782	MODIFIED	29fc24a6074832009732093ec1cf171a2c4285554e59a80d88cda5f512cde848	313a4ccf3ddc4c3cd0b46d53c50a73a7badc25c131233a9aebdce2ac19d2ca6a
service-worker.js	5819	5813	MODIFIED	93e17464daa8a1377cc28ddea0aa8f2685a77ea9e33ecac66f854a0f02dd7d05	89f83cdff1cfba2ce11ad462f46853309a18c8b4dec437a0c9bc33b96a214e87
tests/bot-self-test.mjs	6000	6000	UNCHANGED	479d2a02b6f02f752859cf22a92e80c2141f470eea647c26ca1bf88e1e00638f	479d2a02b6f02f752859cf22a92e80c2141f470eea647c26ca1bf88e1e00638f
tests/chat-vote-claim-privacy-test.mjs	3350	3350	UNCHANGED	d1fb4d33cd4e04e1c03c5714d3be2c79e7baa769f9caab7ae2fe135d984df1fa	d1fb4d33cd4e04e1c03c5714d3be2c79e7baa769f9caab7ae2fe135d984df1fa
tests/frontend-dossier-test.mjs	3761	3761	UNCHANGED	30ffa4da17581f70d2aa7df7e4d9c3f5aa1b18828a33c4a221d5a6944d571615	30ffa4da17581f70d2aa7df7e4d9c3f5aa1b18828a33c4a221d5a6944d571615
tests/revision3-gameplay-test.mjs	2129	2608	MODIFIED	1d415f4904bba55806435adf64260492ae078433af67b52879615b617f0819a1	a390f7221c06729e3b2b766fcc9fc20dfe65c4d0d553f136ccfb54d4f5b16167
tests/revision3-social-deduction-test.mjs	7203	7203	UNCHANGED	20ec257a1ee173c7c3c6c79c8d7aea6ed95b39a541875b58458b5d8df2905fc0	20ec257a1ee173c7c3c6c79c8d7aea6ed95b39a541875b58458b5d8df2905fc0
tests/simulation-test.mjs	2723	2723	UNCHANGED	5aa00bdd2fb3357e4ee65379e9e1bae394796dd57d79b11cb1de49e5b267265f	5aa00bdd2fb3357e4ee65379e9e1bae394796dd57d79b11cb1de49e5b267265f
tests/solo-bots-browser-fetch-test.mjs	1107	1107	UNCHANGED	07ac25e61fc3d816312509537b782a6e925be5d1d50522cc7cc71d41eb1d6709	07ac25e61fc3d816312509537b782a6e925be5d1d50522cc7cc71d41eb1d6709
tests/solo-bots-manager-flow-test.mjs	3127	3127	UNCHANGED	1f5655fb62e9c5c2c720c184a246242e7d7fc967fa505efd9e33012bc3572d27	1f5655fb62e9c5c2c720c184a246242e7d7fc967fa505efd9e33012bc3572d27
